Jones,243
Smith,141
Wang,125
Jia,122
Black,111
Brown,100
Li,95
O'Neil,91
Williams,88
Zhang,88
Wilson,77
Parker,77
Martin,75
Kent,72
Walker,70
King,70
Taylor,69
Zhou,67
Carter,67
Wayne,67
Andersson,66
Allen,64
Ross,62
Stone,59
Evans,57
Cooper,57
White,56
Stockman,55
West,55
Johnson,54
Gordon,53
Potter,52
Miller,51
Stark,51
Stewart,49
Jackson,49
Grayson,49
Kane,48
Mason,48
Robinson,48
Campbell,47
Blake,47
Liu,46
Scott,45
Lane,43
Turner,43
Harper,43
Ch√©n,42
Tyler,41
Archer,41
Green,40
Yang,40
Anderson,39
Griffin,38
Wu,37
Palmer,36
Thompson,36
Chase,35
Pierce,35
Baker,35
Zhao,34
Morgan,34
Crawford,33
Barnes,33
Snyder,32
Grey,32
Lee,32
Davis,32
Luthor,32
James,32
Xue,31
Forrester,31
Reynolds,31
Halliwell,30
Bishop,30
Collins,30
Corleone,30
Summers,30
Tucker,30
Simpson,30
Adams,30
Svensson,30
Blixt,30
Buddenbrook,30
Crane,29
Grant,29
Watson,29
Lin,29
Logan,28
Ryan,28
Cullen,28
Fox,28
Donovan,28
Han,28
Harris,27
Hart,27
Hunter,27
Drake,27
Thomas,27
Richards,27
